source,scraped_at,url,sku,title,video_id,text,author_name,author_channel_id,author_channel_url,author_avatar_url,author_is_verified,author_is_creator,author_is_artist,like_count,like_count_text,reply_count,reply_count_text,published_time_text,published_at_approx,published_at_precision,edited,reply_level,parent_id,is_pinned,pinned_by,creator_hearted,mentions,sort,data_source,page,position
youtube.com,2026-09-21T08:43:43Z,https://www.youtube.com/watch?v=dQw4w9WgXcQ&lc=FIXTURE_CMT_1,FIXTURE_CMT_1,Rick Astley - Never Gonna Give You Up (Official Video) (4K Remaster),dQw4w9WgXcQ,fix turetex: tn otwri tten by ap,@fixture_user_1,UCFFFFFFFFFFFFFFFFFFFF01,https://www.youtube.com/@fixture_user_1,https://yt3.ggpht.com/FIXTURE_AVATAR=s88-c-k-c0x00ffffff-no-rj,True,False,False,318000,318K,962,962,1 year ago,2025-09-21T02:54:31Z,year,False,0,,True,Pinned by @RickAstleyYT,True,,top,innertube.entity,1,1
youtube.com,2026-09-21T08:43:43Z,https://www.youtube.com/watch?v=dQw4w9WgXcQ&lc=FIXTURE_CMT_2,FIXTURE_CMT_2,Rick Astley - Never Gonna Give You Up (Official Video) (4K Remaster),dQw4w9WgXcQ,"f ixtu retext no twritt enbyap erson fixture te xtn ot writt e nbya pe rsonfi xtu rete x tnot writt en by aper so n fixturetextn, o twritte nb yape r sonfix ture textnot wr’i tten byap. e rso n fixt ur et extn otwrit te’n bya person fixt. ure textnot writtenb ya per son fixt uret ext. no twri tt en byapersonf ixture tex tnot writt en byap",@fixture_user_2,UCFFFFFFFFFFFFFFFFFFFF02,https://www.youtube.com/@fixture_user_2,https://yt3.ggpht.com/FIXTURE_AVATAR=s88-c-k-c0x00ffffff-no-rj,False,False,False,101000,101K,546,546,6 years ago (edited),2020-09-20T21:48:31Z,year,True,0,,False,,False,,top,innertube.entity,1,7
youtube.com,2026-09-21T08:43:43Z,https://www.youtube.com/watch?v=dQw4w9WgXcQ&lc=FIXTURE_CMT_3,FIXTURE_CMT_3,Rick Astley - Never Gonna Give You Up (Official Video) (4K Remaster),dQw4w9WgXcQ,"fixtu retextn otw ritte nby apers onfi, xtu rete xtn o twritt. e nbya person fi xtur et ext notw ritten byape.",@fixture_user_3,UCFFFFFFFFFFFFFFFFFFFF03,https://www.youtube.com/@fixture_user_3,https://yt3.ggpht.com/FIXTURE_AVATAR=s88-c-k-c0x00ffffff-no-rj,False,False,False,7500,7.5K,48,48,1 month ago,2026-08-21T22:14:37Z,month,False,0,,False,,False,,top,innertube.entity,1,2
youtube.com,2026-09-21T08:43:43Z,https://www.youtube.com/watch?v=dQw4w9WgXcQ&lc=FIXTURE_CMT_4,FIXTURE_CMT_4,Rick Astley - Never Gonna Give You Up (Official Video) (4K Remaster),dQw4w9WgXcQ,f ixtu ret extnotwr itte nby apersonf ixtu ret ext not writ tenbya,@fixture_user_4,UCFFFFFFFFFFFFFFFFFFFF04,https://www.youtube.com/@fixture_user_4,https://yt3.ggpht.com/FIXTURE_AVATAR=s88-c-k-c0x00ffffff-no-rj,False,False,False,4900,4.9K,51,51,1 month ago,2026-08-21T22:14:37Z,month,False,0,,False,,False,,top,innertube.entity,1,3
youtube.com,2026-09-21T08:43:43Z,https://www.youtube.com/watch?v=dQw4w9WgXcQ&lc=FIXTURE_CMT_5,FIXTURE_CMT_5,Rick Astley - Never Gonna Give You Up (Official Video) (4K Remaster),dQw4w9WgXcQ,"f ixtu re tex t notw, rit t enbyape rso nfix turete. xt'n otwr itt",@fixture_user_5,UCFFFFFFFFFFFFFFFFFFFF05,https://www.youtube.com/@fixture_user_5,https://yt3.ggpht.com/FIXTURE_AVATAR=s88-c-k-c0x00ffffff-no-rj,False,False,False,6600,6.6K,41,41,1 month ago,2026-08-21T22:14:37Z,month,False,0,,False,,False,,top,innertube.entity,1,4
youtube.com,2026-09-21T08:43:43Z,https://www.youtube.com/watch?v=dQw4w9WgXcQ&lc=FIXTURE_CMT_6,FIXTURE_CMT_6,Rick Astley - Never Gonna Give You Up (Official Video) (4K Remaster),dQw4w9WgXcQ,"f ixtu ret extnotwrit, t  enby aper sonf ixtu",@fixture_user_6,UCFFFFFFFFFFFFFFFFFFFF06,https://www.youtube.com/@fixture_user_6,https://yt3.ggpht.com/FIXTURE_AVATAR=s88-c-k-c0x00ffffff-no-rj,False,False,False,65,65,2,2,16 hours ago,2026-09-20T16:43:43Z,hour,False,0,,False,,False,,top,innertube.entity,1,5
youtube.com,2026-09-21T08:43:43Z,https://www.youtube.com/watch?v=dQw4w9WgXcQ&lc=FIXTURE_CMT_1.REPLY_7,FIXTURE_CMT_1.REPLY_7,Rick Astley - Never Gonna Give You Up (Official Video) (4K Remaster),dQw4w9WgXcQ,fixture tex tno twri ttenbyape,@fixture_user_7,UCFFFFFFFFFFFFFFFFFFFF07,https://www.youtube.com/@fixture_user_7,https://yt3.ggpht.com/FIXTURE_AVATAR=s88-c-k-c0x00ffffff-no-rj,False,False,False,7500,7.5K,,,1 year ago,2025-09-21T02:54:31Z,year,False,1,FIXTURE_CMT_1,False,,False,,top,innertube.entity,1,1
youtube.com,2026-09-21T08:43:43Z,https://www.youtube.com/watch?v=dQw4w9WgXcQ&lc=FIXTURE_CMT_1.REPLY_8,FIXTURE_CMT_1.REPLY_8,Rick Astley - Never Gonna Give You Up (Official Video) (4K Remaster),dQw4w9WgXcQ,fix turetex,@fixture_user_8,UCFFFFFFFFFFFFFFFFFFFF08,https://www.youtube.com/@fixture_user_8,https://yt3.ggpht.com/FIXTURE_AVATAR=s88-c-k-c0x00ffffff-no-rj,False,False,False,3100,3.1K,,,1 year ago,2025-09-21T02:54:31Z,year,False,1,FIXTURE_CMT_1,False,,False,,top,innertube.entity,1,2
youtube.com,2026-09-21T08:43:43Z,https://www.youtube.com/watch?v=dQw4w9WgXcQ&lc=FIXTURE_CMT_1.REPLY_9,FIXTURE_CMT_1.REPLY_9,Rick Astley - Never Gonna Give You Up (Official Video) (4K Remaster),dQw4w9WgXcQ,fix turetex tnotw,@fixture_user_9,UCFFFFFFFFFFFFFFFFFFFF09,https://www.youtube.com/@fixture_user_9,https://yt3.ggpht.com/FIXTURE_AVATAR=s88-c-k-c0x00ffffff-no-rj,False,False,False,2100,2.1K,,,1 year ago,2025-09-21T02:54:31Z,year,False,1,FIXTURE_CMT_1,False,,False,,top,innertube.entity,1,3
